Vishama@24,test1@test.com,newty4
Vishama@25,test1@test.com,newty5
Vishama@26,test1@test.com,newty6
Vishama@27,test1@test.com,newty7
Vishama@28,test1@test.com,newty8
Vishama@29,test1@test.com,newty9
Vishama@30,test1@test.com,newty10
Vishama@31,test1@test.com,newty11
Vishama@32,test1@test.com,newty12
Vishama@33,test1@test.com,newty13
Vishama@34,test1@test.com,newty14
Vishama@35,test1@test.com,newty15
Vishama@36,test1@test.com,newty16
Vishama@37,test1@test.com,newty17
Vishama@38,test1@test.com,newty18
Vishama@39,test1@test.com,newty19
Vishama@40,test1@test.com,newty20
Vishama@41,test1@test.com,newty21
Vishama@42,test1@test.com,newty22
Vishama@43,test1@test.com,newty23
Vishama@44,test1@test.com,newty24
Vishama@45,test1@test.com,newty25
Vishama@46,test1@test.com,newty26
Vishama@47,test1@test.com,newty27
Vishama@48,test1@test.com,newty28
Vishama@49,test1@test.com,newty29
Vishama@50,test1@test.com,newty30
Vishama@51,test1@test.com,newty31
Vishama@52,test1@test.com,newty32
Vishama@53,test1@test.com,newty33
Vishama@54,test1@test.com,newty34
Vishama@55,test1@test.com,newty35
Vishama@56,test1@test.com,newty36
Vishama@57,test1@test.com,newty37
Vishama@58,test1@test.com,newty38
Vishama@59,test1@test.com,newty39
Vishama@60,test1@test.com,newty40
Vishama@61,test1@test.com,newty41
Vishama@62,test1@test.com,newty42
Vishama@63,test1@test.com,newty43
Vishama@64,test1@test.com,newty44
Vishama@65,test1@test.com,newty45
Vishama@66,test1@test.com,newty46
Vishama@67,test1@test.com,newty47
Vishama@68,test1@test.com,newty48
Vishama@69,test1@test.com,newty49
Vishama@70,,newty50
Vishama@71,,newty51
Vishama@72,,newty52
Vishama@73,,
Vishama@74,,
Vishama@75,,
Vishama@76,,
Vishama@77,,
Vishama@78,,
Vishama@79,,
Vishama@80,,
Vishama@81,,
Vishama@82,,
Vishama@83,,
Vishama@84,,
Vishama@85,,
Vishama@86,,
Vishama@87,,
Vishama@88,,
Vishama@89,,
Vishama@90,,
Vishama@91,,
Vishama@92,,
Vishama@93,,
Vishama@94,,
Vishama@95,,
Vishama@96,,
Vishama@97,,
Vishama@98,,
Vishama@99,,
Vishama@100,,
Vishama@101,,
Vishama@102,,
Vishama@103,,
Vishama@104,,
Vishama@105,,
Vishama@106,,
Vishama@107,,
Vishama@108,,
Vishama@109,,
Vishama@110,,
Vishama@111,,
Vishama@112,,
Vishama@113,,
Vishama@114,,
Vishama@115,,
Vishama@116,,
Vishama@117,,
Vishama@118,,
Vishama@119,,
Vishama@120,,
